A_id,B_id
3574,4515
4032,2974
1159,4515
488,2955
1822,4515
380,4515
2976,4515
2203,4863
2999,4515
4560,4515
129,4515
3852,4515
2683,4515
2309,2713
2264,4881
3764,1796
2743,4515
239,2951
2099,3665
4021,4515
3562,3634
3341,4515
4752,4515
3936,4876
1407,4515
2592,4647
1631,4515
1609,130
4331,4515
1963,4515
1228,101
1824,4515
3293,4515
3954,4368
1475,4515
3782,4515
3155,4515
995,1004
3874,4515
3250,4515
1655,4515
2135,4515
2471,4724
1277,4035
3859,887
1593,3685
468,4515
3647,4515
400,4515
3672,4515
4132,4515
1794,4515
2138,4515
4279,4515
1376,4515
4078,2186
3172,4515
1886,4010
3227,745
1381,4515
1434,2770
2756,3847
3617,4515
2620,4515
550,4515
1793,4166
4254,4515
121,4515
2936,4515
1792,1004
2027,4413
3952,708
2007,4515
1832,2474
824,4515
3994,4515
1115,4515
4748,4515
312,4515
3842,2374
324,4515
1946,3996
3106,4515
4520,4515
1678,1004
3641,5092
3881,4832
778,4515
4029,4515
4031,4515
2492,4515
2632,4658
2286,3761
4328,4515
3662,4515
3315,4515
4672,4515
2953,4515
2463,4082
3032,4515
3381,4515
1809,4515
6,4345
2662,4515
1928,2200
1433,4646
4242,4515
4101,4515
1170,2548
478,2516
3505,4515
4091,4515
3408,1530
3889,4515
3814,4515
1362,4515
2459,4515
1218,4515
3222,4515
2465,4515
2992,4515
1621,3541
2274,4515
587,4515
1601,4515
306,4515
1814,4515
210,4515
1353,4515
278,1738
3616,4515
2664,4958
2024,4515
3779,4346
2154,4515
2947,4515
4064,4515
4528,4515
195,4515
1184,752
3012,4515
3586,1754
973,4515
4691,4515
2549,4515
1254,4850
196,4515
16,4515
434,4768
537,4515
1476,3557
1230,3129
1519,4600
1687,4515
3784,4515
1621,4031
3955,4515
3109,4515
3211,4515
4164,4515
3571,1275
4380,4515
1523,4515
1605,4515
1471,4515
213,3471
94,2773
309,4515
1172,4731
1761,5287
2260,4587
99,4515
2322,4515
2173,4515
1412,4515
2298,4515
2497,4515
786,1423
4056,5026
2939,2662
3926,2174
1580,4515
3935,4515
1963,3393
974,4515
3757,2339
3686,4311
1917,2435
2808,4515
1301,2904
1264,4515
1048,4515
1429,2788
3019,4515
3635,4515
4561,4515
4066,4515
1933,4515
56,4515
3453,4515
1581,4515
2195,4515
1135,4515
1262,4515
3111,4515
175,4515
4538,4515
525,4515
3449,4515
4071,4515
2056,4515
1139,4675
2525,4732
2561,4515
125,2173
2323,4183
1679,4515
3237,4515
2609,4515
68,2417
1417,3962
3614,4515
166,4515
4619,4515
3903,1779
245,4515
1374,3921
1380,4090
1858,4515
1758,4515
2780,4515
1042,4515
1985,2501
2358,4515
4388,4515
2175,4515
4549,4515
4490,4515
1614,1318
2315,2904
1449,4515
4659,4515
4383,4515
2107,4515
3029,4515
3921,1286
1723,4515
2054,4515
1419,3925
3467,4515
686,4515
4588,4515
2907,4515
3959,4515
4139,4515
651,4515
989,3596
341,4515
3745,4515
4343,4515
4151,4515
2023,4515
3620,4515
3210,4515
4575,4515
917,4515
4729,4515
2627,4515
3578,4515
1883,3147
908,4515
913,4515
2402,4515
4193,4515
1476,4383
3395,3208
3599,4515
4425,4515
737,4515
4649,4515
1690,4132
1689,4515
731,4515
1785,4515
1638,3782
4574,1380
3563,4515
2745,4515
2327,5205
1400,3557
2314,2425
3716,1851
3307,5096
3197,4515
3715,4515
2666,4515
2260,4802
450,4515
3181,4515
1442,4515
2067,4340
1354,4515
3757,2339
100,141
3694,5442
1868,4515
2088,4515
3154,4515
170,4523
2677,4515
281,2181
3340,2074
748,3779
1899,4515
4391,4515
1010,4515
766,4477
1584,4386
3744,630
1561,4515
187,4515
1216,3622
4128,4515
4599,4515
2888,4515
1170,2550
985,4515
1148,4488
635,4515
2866,4515
176,2416
2121,4515
3660,4515
1277,4362
2500,1962
2650,4515
1593,130
984,4515
1299,4171
2504,4515
4583,4527
3235,4515
2257,1722
1653,647
3102,4515
1812,4515
2226,4515
1433,4850
1228,5107
676,4515
2230,2844
8,4515
1884,4515
4022,551
1766,5007
3146,4515
272,4515
4370,4515
1056,2831
2696,4515
1254,4515
73,2912
2401,4515
1103,4515
1252,4515
621,4515
922,4515
608,2376
2644,4515
164,4515
378,4515
2429,4515
1820,4563
3299,4515
3853,4242
4642,4515
1992,4417
229,4515
4673,4515
1898,1007
4120,3202
3289,4515
4083,4515
1476,4031
1418,4515
3217,4515
1861,945
2832,1363
3941,4313
2043,4515
3568,4515
1875,4515
3212,4515
1185,4515
1457,586
85,4515
1402,4515
4007,4515
1250,4903
4358,4515
2995,4515
1037,4515
1344,4515
4689,4515
3829,4515
1898,229
914,4515
1214,4362
3247,4515
1436,4515
1796,124
1565,4515
2120,4515
3828,4515
2610,2094
2044,4515
749,4515
4292,4515
261,2669
4681,4515
1910,4515
2795,4515
1888,1359
1903,4515
896,3057
514,4515
1987,775
1419,4424
3245,4515
2294,873
4026,137
4483,4515
3859,4515
1354,3656
2084,4515
4490,2908
1973,417
709,4515
126,4515
2866,3883
2304,4116
2987,4515
1519,4515
2180,4515
23,4515
402,3431
3319,4515
3198,5404
4129,4515
1748,3327
1992,4515
2840,2859
3509,1134
1778,444
1571,4515
3536,4515
4136,3130
1170,4515
3545,4515
2260,3516
2078,4515
404,4515
2425,4515
2407,4515
1952,4790
1401,4515
3853,4515
1985,4515
259,4515
2997,4515
4724,4515
1832,1359
1978,3731
2420,786
3116,4515
66,4515
0,4515
1999,4515
3367,4515
3923,1282
2323,3914
2391,3654
1689,3555
783,4515
2675,4515
2411,4515
3975,4515
2882,4515
1437,4515
280,4515
764,4515
2310,4515
4172,4515
3092,4515
2580,4515
3030,4515
2496,4515
3725,4515
1791,4515
3606,4515
4107,4515
3018,4515
376,4515
2391,4782
1664,3191
481,4515
264,4515
1619,1095
2107,711
1818,4826
4153,4137
2145,820
695,4515
826,4515
623,4515
2574,4515
2463,4515
935,4515
85,3973
2129,4515
2592,2959
1434,4515
2957,4515
3122,4515
1659,4515
448,2416
448,2418
465,4515
3129,4515
4454,4515
239,4750
4095,4515
2314,3409
2256,4515
1277,4111
2583,4515
1638,4830
1279,4515
2055,4515
239,1751
2246,4515
2175,4790
1688,1366
3400,4515
935,3845
3250,5416
1374,3815
1560,4515
4511,4515
1710,4515
4507,4515
1258,4515
4457,4515
3162,4515
2175,1379
4448,4515
429,4515
1618,4915
4536,4515
3405,4515
622,4515
529,4515
1593,1200
807,1614
1844,4515
556,4515
550,2375
1422,4515
4432,4515
3333,4515
1667,2386
3857,4953
711,4515
3633,4515
1346,4515
2275,4515
3305,4515
1516,1131
4592,4515
2171,4515
1673,4515
2952,4515
1287,4515
2251,4515
2711,4515
2534,4515
3577,4515
2565,4515
1433,3865
4644,4515
836,4515
2346,4515
935,4111
1593,72
1166,4515
3068,4515
3867,4515
729,3842
3948,4515
3551,4515
3300,4515
2369,4515
2040,4515
1968,5079
2845,4515
3648,4515
2890,4515
3960,2019
1532,4515
930,2711
2186,4515
2244,4515
1288,4515
2340,165
4436,4515
1892,2697
1481,3925
882,4515
789,4515
2936,4551
2447,4936
61,4515
19,4515
2127,4515
4345,4515
3074,5290
2205,4515
404,2264
3159,4515
3777,4515
2295,4515
172,2123
4239,4515
874,4515
3558,4515
1671,3573
1951,4515
3281,4515
4647,4515
100,1789
931,3530
3878,1010
4662,4515
2315,4515
239,4515
673,4515
2057,4515
1788,4515
252,4515
1915,4515
1170,2546
3518,760
3369,4515
1744,4515
2201,2298
505,4515
4629,4515
1812,703
730,4608
3779,4515
2738,4515
4053,5409
2197,1787
193,4515
2287,4515
3081,4515
619,4515
2199,4515
2093,794
1208,2770
3571,4882
3498,4515
3485,4515
999,4515
3411,4515
1095,4515
1409,4515
3715,3249
1423,4515
1792,5205
2884,4515
2630,722
1832,2474
1233,4515
3710,4515
1428,4515
2729,4515
3149,1159
1654,4515
4719,4515
2362,4515
79,4515
3528,4515
206,4515
4293,4515
516,4515
3816,4515
499,3510
627,4515
3667,5300
2408,4515
1080,4515
863,4515
1671,4515
1356,4515
2197,4515
3113,4515
1554,4515
1976,4515
1178,4515
2681,4515
896,4428
3892,4515
3982,4515
2131,2039
1433,4035
1009,4515
2978,4515
202,1232
518,4515
3779,4982
1632,4515
2212,786
3415,3818
833,4515
4390,4515
544,4515
2356,4515
2774,4515
237,4515
3379,4515
4148,4515
967,4515
2212,2466
120,4515
3415,4515
1725,4035
3206,4515
916,4515
816,4515
2271,4515
729,4515
2425,851
2341,4515
4327,4515
1971,355
2605,4515
2707,4515
167,4515
797,4515
248,143
1080,4774
4037,311
3456,4515
1082,4297
3992,4515
1832,2770
395,4515
674,4515
3585,4515
247,4515
123,299
3007,4515
1708,3883
756,2955
1447,4515
4576,4515
1321,4515
2594,4515
3277,4515
1974,4515
2998,133
73,2911
1617,868
2572,4515
3751,4515
4154,4255
647,4515
3851,4515
1570,4515
2158,4515
250,4515
340,4515
3420,4515
1493,4515
766,4515
1369,4515
3969,4515
1221,332
3997,4515
1468,3914
3575,4515
366,4515
4498,4515
1117,4515
2077,4515
4310,4515
1256,4515
1105,2508
1208,4515
2702,4515
2323,4474
610,1129
4185,4515
4749,4515
260,4515
2063,5277
4303,4515
2217,4515
4707,4515
4463,4515
368,3926
608,2375
3322,4515
3273,4515
1038,3183
4011,4515
3652,4515
1519,1279
1897,63
1148,3557
3021,2257
3183,4515
3158,4515
1034,4669
2767,4515
1790,4515
592,4101
2237,232
756,4515
3923,4515
822,4515
176,2418
2128,4515
861,4515
134,4515
2100,4515
926,4965
3061,4515
3828,3497
2500,1092
441,4515
2365,4092
4073,4515
3938,4515
766,4473
4539,4515
1171,4515
2286,4423
777,4515
3085,3332
1514,743
3000,4515
1782,4515
1896,4515
1940,4515
276,4515
408,4515
2557,4515
3385,4515
1245,1584
4386,4515
1826,4515
526,4515
1832,726
4068,5296
113,4515
1470,4515
2284,4515
4076,4515
2286,4515
1082,4515
2288,5247
3161,1048
873,4515
2324,4515
108,4515
1794,2213
3967,4515
637,1903
1459,4515
866,4515
4647,2019
3307,2216
100,2183
4475,4515
4086,4515
2286,4667
1709,10
3191,1203
4070,4515
2963,4515
1829,4515
2282,4515
3779,561
1330,4515
1856,4515
3330,4515
642,4515
3944,4515
2546,3761
917,1348
332,4515
1054,4515
2655,4515
1939,1571
3286,4515
1912,4515
817,4515
3053,4515
761,4515
4722,4515
1101,4515
2630,4515
2447,4936
4069,4515
3673,4515
1417,4850
3066,4515
879,4515
1427,5237
397,4515
2383,4515
423,4515
1831,3956
3401,4515
313,4515
2052,4515
1942,4493
1006,2837
2132,4515
3901,4515
1226,4031
1672,4959
4137,4515
4455,4515
1132,4515
732,212
1670,4515
4695,4515
2140,4515
3357,4515
3580,4515
462,4515
460,4515
4118,4515
155,4515
3724,4515
1019,4515
2453,4515
1198,4515
4188,4515
4591,4515
2790,4515
3863,4515
3256,4515
4006,4515
2133,4515
393,4515
2260,4406
3023,4515
4556,4515
976,4515
2064,4515
88,4515
2057,3343
4150,4515
2668,4378
68,4515
1440,4515
4396,4515
100,2742
1368,127
1230,4515
3518,3709
3455,4515
3707,1436
3248,4515
2340,4515
1,1400
1045,4515
2686,4515
2713,4515
2529,4515
4052,5076
479,1639
307,2372
4180,4515
4058,4515
3189,4515
2830,4515
538,4515
4020,4515
899,4515
1493,5401
2434,4515
3348,4515
2996,4515
1600,4515
4728,4515
980,4515
1124,4515
2157,4515
3650,4515
1609,2012
657,4515
4231,4515
2604,3914
2163,4515
2502,4515
100,1079
3961,3463
1840,4515
2777,4515
2022,4515
2174,4515
1614,4515
2190,4515
3782,2555
1564,4515
0,975
2346,2294
2559,4515
1880,4515
1308,4515
2470,4515
2114,4515
722,4515
188,4515
1714,864
2990,4515
1823,4515
3471,4515
1683,4515
3626,299
1064,3685
3486,4515
3143,4515
268,4515
1690,786
2577,4515
487,4515
1708,3622
1561,1644
2368,4515
1501,4515
1152,4685
2194,3988
3942,4515
1084,4303
1975,4515
1567,4515
1922,5205
3338,4515
2269,4515
3906,4515
3920,4627
1977,4515
3184,1160
2783,4515
3138,4515
478,4515
1327,4515
3677,4515
1363,4515
2895,4320
410,4515
1382,4515
3451,4515
852,4515
1186,94
4367,4515
3589,4515
2070,3922
2177,4515
3477,4515
2000,870
1965,4659
1983,4515
1990,4515
1905,197
818,4515
2081,4515
2910,4515
2903,4515
2493,4515
1965,4515
1725,4362
779,4515
1278,4515
1301,2462
1668,4515
672,4515
2070,4469
2047,2658
2562,4515
412,4110
2227,1947
1514,4515
4704,4515
1254,4712
1845,4515
2373,4515
1835,4515
2814,4515
1396,4515
892,4515
414,4515
2420,4896
1661,4515
1614,1004
1453,4515
1055,4515
4741,4515
1876,4515
1482,4515
4368,4515
4016,4515
257,4515
1791,4458
2856,4515
297,2459
1519,4667
68,2416
3811,4515
1046,2816
931,4850
1529,3845
3482,4515
185,4515
3098,4515
4637,4515
1412,3817
1204,4515
1971,4644
3324,4515
2511,4515
464,4515
648,4515
3801,4515
2225,1059
1593,2876
3740,4515
1099,3883
2314,2425
1664,4850
1593,2338
2581,4515
1169,4515
2709,4515
3554,4515
2935,4515
2973,4515
3499,4515
1172,4515
2699,4515
609,4515
4640,4515
1530,4515
381,4515
2272,4515
532,4515
687,4515
2210,4515
776,4212
1141,4515
4431,4515
1374,4092
4099,4515
1033,4515
3422,4515
975,4515
3048,4515
1400,4587
2294,4515
3126,4515
1886,4070
1889,4515
1725,3845
3479,3032
1935,2860
372,4515
2458,4515
1833,4083
607,4515
1118,4515
736,1020
3779,5116
1430,4515
3636,2040
135,905
3491,4515
1200,3627
3399,4515
1638,3782
2866,4294
2268,4515
1353,3558
4395,4515
1820,4515
1832,4515
4701,4515
1343,4515
4018,2968
2613,4515
4685,4515
1483,1729
3260,5098
2316,4515
1793,4165
4631,4515
3899,4515
1358,4515
3779,4819
1233,4211
4267,4515
114,4515
1862,4515
2873,4515
4726,4515
2031,1366
3696,4515
2815,4515
1646,4515
578,4515
3909,4515
4486,4515
4502,4515
2575,4515
1108,1000
3260,4515
1928,4515
3983,5133
3331,4515
1394,72
3559,4515
3932,4515
67,4515
2391,4400
1616,4515
2569,1407
3257,4515
3838,4515
1266,4515
741,4515
3365,4515
3093,4515
3682,2638
305,4515
2105,4515
2752,4515
1929,4515
3015,4515
1982,4515
3878,4515
1999,4043
1922,4515
1170,2552
1604,4515
1712,4515
4648,4515
1505,4515
2521,4515
4665,4515
1070,4515
1978,2702
2793,4515
1777,4515
1148,4031
2877,4515
696,4515
334,4515
1735,4515
3070,4515
3721,4515
3698,4515
3985,4515
3058,4515
1056,3477
1681,4515
1354,4587
601,4515
3576,4515
4627,4515
3827,4515
1149,4515
2199,4307
981,585
1389,4515
1690,4515
1898,1027
636,4515
1831,4623
1231,4515
1081,4515
1208,2013
3495,4515
1354,4383
3627,4515
119,4515
3993,4515
4435,4515
2303,4515
2471,4515
3157,4515
176,2418
2754,4515
2698,4515
1328,4394
2700,4515
4024,4515
2638,4515
3861,4515
2975,4515
4675,4515
4400,4515
3410,4515
646,4515
2899,18
2728,4515
4598,656
3156,4515
4508,4515
2238,4515
4269,4515
912,982
1421,4711
680,4515
1307,4515
4718,4515
3336,4515
1927,4515
546,4515
3871,4515
3059,4515
4384,4515
1769,4515
1678,4515
3128,4515
100,1340
1938,1157
3104,4515
1082,4474
3114,4515
3140,4515
2430,4515
2981,4515
100,2837
2266,4515
1573,4031
2304,3312
1087,4515
1612,3874
3530,4515
3978,4515
1205,4515
1573,3557
891,4515
1585,4059
2244,3430
171,4515
2113,4515
3807,4515
1621,4515
3310,4515
3820,4515
3775,4515
3046,4515
1211,4515
3167,4515
2304,3444
4131,4515
3164,4515
2317,4515
9,4515
1595,4515
1756,4515
4586,4515
3537,4515
1340,4515
1676,4515
492,4515
2162,5452
3919,4515
2365,4515
4309,4515
1894,215
2496,722
3638,4515
1337,4589
3722,4515
1619,4515
4068,4515
3817,4515
3296,4515
287,4515
1886,4515
2031,1366
4223,4515
1236,3589
1926,4515
1432,4515
431,3929
2254,4515
1594,4515
2031,4515
3762,4515
523,4515
4277,4515
3520,4515
655,4515
4207,4515
4389,4515
2012,4515
1801,4515
1210,4515
1082,3597
2756,4515
3149,4515
4341,4515
1650,4515
3815,487
4205,4515
2182,4515
1305,4515
2212,1326
746,4515
803,4515
180,4515
1764,4515
611,4515
258,4515
1621,4406
905,4515
3744,4515
4138,4515
4589,4515
1394,647
3592,2094
1387,6
1300,4515
4257,4515
730,4515
1878,4515
4108,4691
1638,4917
1569,4515
3850,4515
1301,4515
409,4515
509,4515
1741,2238
3446,4515
2432,4515
1366,4386
566,4515
2818,4515
2967,4515
4630,4515
1024,6
2145,4515
1375,4764
903,4515
959,4515
4244,4515
2089,593
1796,4515
2221,4515
2207,4903
2001,4515
2130,4118
1147,3628
1018,4515
950,4515
1345,4515
1660,4515
3699,1136
1054,1469
3434,4515
1394,5072
2323,3923
3969,4967
3376,4515
2463,4077
2307,262
4577,4515
2666,4594
131,4515
1243,4515
3785,4515
820,4515
2446,4515
1277,4850
2551,4515
1898,4515
838,4515
3346,4515
1245,3803
3177,4515
3225,4515
1181,4515
971,4515
4224,4515
4120,4515
40,4515
418,4515
341,5369
653,4515
1082,4644
4377,4515
1832,2013
1911,4515
1345,3587
1842,4515
3355,4515
2892,4515
866,703
1708,4515
1199,4515
2649,4515
140,4515
628,4515
935,4646
1421,3541
2805,4515
347,4515
1529,4362
1813,605
1803,4515
1205,4525
1621,4383
65,4515
3722,4453
1653,2338
12,4515
3771,4515
3384,4515
3875,4515
205,4515
2540,4515
4678,4515
1558,4515
2409,4515
3694,4515
2260,4674
3797,4515
3483,4515
4478,4515
3550,4515
4033,4971
4362,4515
1678,1059
1351,2990
1022,4515
2648,4515
2937,4515
1111,4515
1386,4515
2183,2115
1500,4515
1024,4515
693,4515
100,2905
3393,4515
1400,4406
1138,4515
2452,4515
1365,4515
4651,4515
649,4515
1128,4515
3791,4515
3718,3999
432,4515
4259,4515
2479,4515
3989,4515
768,3660
2838,4515
2566,4515
2959,4515
2880,4515
4294,4515
2395,4515
2664,4515
1921,4515
1557,4515
3454,4515
3295,4515
885,4515
1837,4383
988,4515
1953,4515
4333,4515
205,189
3055,4515
2046,4912
2296,4515
2281,5081
2646,3250
4514,4515
2265,1591
4124,4515
4042,4515
2516,4515
2173,4262
4063,1741
2207,4903
1237,4515
2860,1651
100,1660
2293,4515
217,4515
3605,178
413,4515
1419,4515
1593,2012
2447,4515
3956,1307
1148,4515
1573,4587
2546,4600
2083,836
1888,2013
1828,4515
3149,523
316,4515
3984,4515
721,4515
1930,4515
3990,4515
1592,4515
2885,4515
912,4515
945,4515
2045,352
1709,3959
3163,4515
3828,2066
1337,4515
1813,3343
2515,4515
1593,647
2215,4515
2323,4490
2260,3541
3793,4515
3203,4515
1552,4515
3831,4515
2847,4515
3239,4515
2013,4515
4632,4515
2062,4515
1692,4515
2147,4515
2231,4175
321,4515
284,4515
1485,4515
641,4515
1347,4515
1573,4406
1028,4957
3664,2764
1888,1606
1222,4515
2934,4515
2222,2143
3328,4515
781,4515
3834,4515
2329,4515
3511,4515
2435,4515
1313,4515
1403,4515
2020,5038
294,4515
1515,4515
3042,4515
1023,253
2276,4049
2337,1016
440,4515
1793,4515
1637,4077
3837,4515
738,4515
2033,4515
1464,4515
1036,3501
1541,4515
176,4515
1668,4221
793,4515
2107,2990
1200,5273
593,4841
4513,4515
4174,4515
167,591
3452,4515
1739,4515
3151,4515
2224,4515
1245,3771
928,4515
1220,4515
227,4515
1617,441
1375,2840
2849,4515
4617,4515
2318,4515
962,4515
208,4515
1421,4515
4156,4515
1294,4515
1811,3770
948,4515
3101,4515
2625,4515
4133,4515
4127,4515
139,4515
2225,1318
2183,4515
634,4620
2261,1787
2876,4515
1791,3803
2644,1108
2874,2528
3087,3149
896,820
1566,4515
1919,807
3769,4515
4427,4515
1481,3977
205,3371
1462,4515
1888,726
4317,4515
3108,3260
1715,4515
2692,4515
53,4515
1226,4711
4039,4515
2324,1869
931,4092
3839,4515
1062,4515
2958,4515
1692,4850
1253,4851
1161,4515
3561,4515
3244,4515
1239,4515
1710,4758
100,2727
1751,4515
52,4515
2768,4515
2915,4515
4492,4515
1226,3541
1561,4085
78,4515
1389,4712
3517,4515
4163,4515
610,4515
2241,4515
3844,1673
2235,4515
41,4515
3440,4515
2543,4515
1217,4515
1573,4674
1157,4515
1649,4515
2421,4515
1154,1059
552,4515
425,4791
275,4515
1816,4515
1465,4515
4746,4515
2564,4515
1154,1318
4697,4515
1082,4183
989,4515
1736,328
3099,4515
4298,4515
2304,4515
584,4515
1634,4515
35,4515
1864,4515
2123,4515
530,4515
3566,4515
3361,4515
1314,4515
1529,1295
1609,2448
3940,4515
458,4515
2548,4515
1084,4092
1663,4515
3806,4515
2772,4515
4316,4515
115,2048
1387,4515
3478,5438
1388,4515
2281,4515
2330,4515
2469,4515
631,3160
1888,4515
1902,4515
613,4515
3895,4515
2323,4644
1014,1805
63,4515
1241,4535
4271,4515
3786,4515
1616,3796
1630,4733
4344,4515
3926,4515
1746,2864
396,4553
4080,4515
485,4515
1315,4515
2420,4515
1526,4515
2710,4515
2494,2321
4275,4515
1553,652
4404,4515
1310,4515
4360,4515
2645,4515
1145,4515
2307,4515
1801,2820
3830,4515
1467,3084
291,4515
278,4515
1503,4515
2342,4515
2853,4515
4683,4515
4153,4515
4203,4515
910,5425
4541,4515
2851,4515
2212,4515
725,4515
2789,683
3349,2456
1246,4812
2858,4515
2230,4515
4474,4515
4547,4515
1835,4736
1636,4515
1534,4515
3727,4515
2641,4515
1709,4801
3571,4515
2632,3235
1834,4515
3265,4515
311,4515
402,3492
2050,4515
1034,4515
1425,4515
2118,4515
2819,4515
4472,4515
2190,4448
407,4515
2257,4515
2476,4515
2182,4469
3083,4515
2164,3765
296,4515
3095,4515
1664,4515
2396,4515
1214,3865
2750,3034
3348,3659
2034,4515
1151,4515
1519,3761
2827,4515
1633,4515
4382,4515
1186,4515
1,1935
1420,4515
2179,4515
2956,4515
587,425
935,3865
2467,4515
4440,4515
3371,4515
3193,4515
98,4515
375,4515
2239,4515
1541,68
3085,4515
1211,1085
2280,3089
2099,4515
1246,4515
1613,4515
2585,922
489,4515
4062,4515
2333,4515
495,4515
3166,4515
4258,4515
2260,4383
4114,4515
1245,4515
2742,4515
4387,4515
3469,4515
448,2416
520,4515
4625,4515
1161,4881
1170,2543
2983,4515
3457,4515
1729,4127
111,4515
2585,2212
3938,3875
2797,4944
4453,4515
2449,4515
1799,4911
2632,4515
3080,1717
2002,4515
3270,2695
3417,4515
273,4515
2323,4515
3779,1077
1131,4515
813,4515
2201,4515
2618,4515
4093,4515
3645,4515
4218,4515
1433,4362
2623,4515
4150,4114
3165,4515
2507,4215
1433,4712
145,4515
1277,4092
1002,4515
3192,4515
757,4515
3276,4515
933,4515
1293,4515
472,4515
234,4515
1586,4515
3208,4515
3771,1133
4199,4515
214,4515
1015,4515
2750,4515
1082,3923
2941,4515
3466,4515
3603,698
3531,4515
953,98
1151,58
3780,2336
2029,4515
240,4515
2000,870
1774,4515
2784,4515
3846,4515
1529,3865
3439,4515
2049,4515
141,4515
2324,3350
177,4515
3057,4515
1354,4406
1394,2147
4064,2602
2537,4515
1075,4515
2252,2006
1264,2812
1057,4515
2522,4515
3758,4515
4119,4515
2196,4515
2017,4515
3148,4515
1926,2643
2304,502
4378,4515
3215,4515
1691,4515
1014,1805
2123,483
4241,4515
2472,4515
3135,4515
3343,4515
4112,4515
1888,490
1502,4205
2161,1379
1678,1318
1529,3861
4153,1981
3977,4515
2164,4515
133,4515
1272,4515
1474,4515
3397,4515
277,484
1888,2770
1775,4515
4716,4515
2300,4515
4256,4515
2668,4515
3358,4515
2090,4515
4028,4515
3868,4515
1831,3081
2149,4515
3352,4515
3377,4515
853,4515
4468,4515
323,4515
3676,4515
3685,4515
289,4515
3607,4515
3780,4515
1249,647
1374,4077
1579,1328
2922,4515
1689,4344
1233,4163
3779,2407
846,4202
1795,3289
1195,2338
935,4362
2277,4515
2653,4515
2248,4515
1265,4515
2323,3758
3432,4515
448,2417
2451,4515
100,1221
2773,4515
3033,4515
1810,4515
3359,3407
1173,2593
2799,4515
1871,4515
1887,4515
4054,4515
3643,4515
1573,4711
3504,4515
3954,4515
1108,4515
3288,4515
1076,4515
1150,4515
1863,4515
1289,4515
3792,4515
3406,4515
1985,1708
4322,4515
2211,4515
349,4515
163,4515
31,858
3927,4515
1331,1085
1481,4424
2185,4515
3069,4515
3117,4515
128,4515
845,4515
1611,4515
3992,3975
62,4515
92,4515
2116,4515
3804,2681
713,4515
2071,4515
2568,4515
3229,4515
1097,4515
3920,4628
477,4515
3702,4515
1034,5353
3133,4515
3939,4515
440,5429
1920,4515
3555,4515
101,4515
2212,1241
1400,3656
3523,4515
1148,4383
13,2516
4531,4515
1054,939
2101,4515
1476,3541
2902,4515
2039,4515
4125,3425
1481,4685
594,4515
1640,4515
3117,5302
1394,2012
2040,2038
3639,4515
2864,4515
1506,1495
608,2375
3826,4515
1099,4515
630,4515
3391,4515
2595,4515
4661,4515
377,4515
3666,4515
1522,63
2500,1359
4361,4515
1321,232
478,3851
1136,5023
2048,4515
2043,2255
1405,4515
2252,4515
2292,4515
3368,4515
3562,3634
4025,4515
1064,4515
2282,4299
1458,4515
739,4515
32,4515
2994,4515
2844,4515
2837,4515
1780,4515
3518,3522
3793,662
350,4515
1012,4446
2267,4515
608,4515
3407,4515
1350,4515
2673,4493
3849,4515
2747,4515
1746,2864
4369,4515
1720,4996
2762,4515
4734,4515
1761,3858
977,4515
3020,4515
2319,4515
3170,4515
2051,4515
2486,4515
2265,4515
1603,4515
1506,5414
3493,4515
4161,4515
4111,4515
1702,4832
2136,4515
690,4515
2119,55
2960,4515
1837,3557
3527,4853
2881,4515
960,2094
1433,4515
932,4515
3920,4628
1199,3713
6,4515
2051,4850
3730,4515
1375,4560
1892,4515
1609,1200
743,3297
4669,4515
1545,4515
110,4515
4318,4515
2531,4515
1650,4183
1722,0
740,4515
127,4515
4189,4515
1156,4515
1311,3557
1071,4515
4417,4515
4523,4515
3430,4515
406,4607
975,4888
2207,4862
4173,4515
1116,4515
1897,4383
4198,4515
2982,4515
2290,0
474,4515
1888,3312
1609,2338
2536,4515
1969,4515
1354,4711
3971,4515
3004,4515
497,4515
1279,2702
2593,3622
3879,4515
3571,4557
1606,4515
3888,4515
314,4515
1233,4188
4041,4515
2205,3788
1593,5072
1672,4112
3224,4515
3661,4515
2003,4515
2349,4515
3624,4515
3556,3353
2313,4515
1099,3622
100,3055
3360,4515
2866,3622
691,4515
2119,4515
921,4515
625,4515
1234,4515
2974,5239
1697,4515
1461,4515
1837,3656
2143,4515
4751,4515
951,4515
197,4515
915,4515
4442,4515
1082,4490
1354,4674
30,636
3188,4515
4145,4515
3562,4515
1086,4515
2027,4515
2965,4515
2535,4515
2156,4515
2086,4515
1699,3761
1324,4515
33,4515
2231,4515
708,4515
3412,4515
1609,1870
3409,4515
1398,4515
3853,2671
2676,4515
3853,2671
2165,4515
3903,4515
382,3840
1609,2448
4202,4515
743,4515
242,4515
1696,4515
3922,4515
1731,4515
2778,4515
1302,4515
453,4515
4517,4515
2258,4515
2554,4515
1627,4515
2810,4357
1280,4515
3254,4515
3386,4515
1559,4515
2500,3312
2876,714
993,4515
2225,1490
3893,4515
2667,4515
388,4515
44,4515
2131,4515
4102,4515
2525,4515
871,4515
1792,5205
947,4515
4352,4515
3601,142
3976,4515
4410,4515
2482,4515
1434,726
1609,647
771,4515
3695,4515
3963,4193
1417,762
1148,4406
3390,4515
1759,4433
361,4515
2478,4515
249,4515
1297,4515
2088,1049
412,4515
995,1318
3832,3285
1333,5429
1573,4515
1952,4515
645,4515
799,4515
1213,4515
4491,4515
4022,4515
4045,4515
2933,4515
1170,2554
2351,4515
2463,1909
2120,129
2340,3959
2682,4515
1792,4515
29,4515
1693,4515
1602,4515
307,4515
4349,4515
3278,4515
1232,4515
3767,4515
2172,4515
1493,1716
471,4871
4232,4515
2113,3661
534,4515
3001,4515
3705,4515
2938,4515
1406,3408
372,4794
527,4515
1493,1291
3171,4515
1608,219
3825,3508
1680,4515
2526,4515
3118,4515
1508,4515
2014,4515
23,1357
1419,4141
1600,3982
3043,4515
4430,4515
847,4515
1254,4092
1869,4515
3168,4515
3960,4515
935,4035
376,5114
2098,4515
2474,4515
1978,4515
1259,4515
4540,4515
3592,4515
593,4841
1400,3541
2500,1606
4521,4515
3800,4515
3805,4515
1919,4515
1801,2820
1489,4515
2457,4515
4537,4515
2490,4515
564,4515
3878,2911
1154,3028
3484,4515
1429,4515
2546,4515
1792,567
2263,4515
808,578
1311,4383
1981,4515
1969,680
100,1879
2772,2990
4265,4515
4249,4174
3139,4515
4157,4515
1435,4515
1474,1321
1208,3312
1502,4515
1762,5374
43,4515
1792,1318
1496,4903
1672,41
4001,4515
427,4515
1528,4515
2,3266
3180,4515
4339,4515
580,4179
2192,4515
1366,4515
700,4515
3008,4515
2400,4515
38,4515
1529,4862
821,4515
1859,4005
899,1660
1548,4515
2578,4515
4426,4515
3337,4515
1971,4128
51,1893
2527,4515
4289,4515
758,1235
868,4458
3712,4515
4131,1080
3566,1702
2260,4711
3523,4323
1837,3541
2161,4515
3190,4515
4314,4515
1194,4515
3855,4515
3521,4515
4676,4515
2510,4515
684,4515
1214,4646
1342,4515
1139,4515
1044,4515
2507,4515
1477,4515
1203,4515
1584,4515
4141,4515
1241,4515
1400,4711
792,4515
2687,4515
343,4515
71,4515
1529,4646
4519,4515
2046,4515
1082,3914
2678,4515
3750,4515
3733,4515
1827,4515
1656,4515
3110,4515
2620,2443
592,4515
2232,4515
4315,4515
263,4515
2715,4515
1793,4166
2460,4515
1432,5022
1658,4515
1020,4515
983,4515
1028,4958
2624,4515
87,1311
844,4515
455,4515
4330,4515
811,4515
1218,5282
1215,4515
2062,136
3241,4515
4210,4515
3539,4515
3259,1885
1791,4458
773,4515
4032,4515
3580,4217
685,4515
2337,4515
2323,3597
223,5269
1900,4515
4693,4515
2398,4515
3771,2279
434,4515
2685,4515
2023,3612
3731,4515
4674,4515
2173,4518
1593,4515
3198,4515
1830,4515
1444,4515
2193,4515
2520,4515
64,1414
362,4515
274,4515
1170,2553
2323,4297
4221,4515
3719,4515
2617,4515
3080,4515
213,3470
2942,4515
3656,4515
2872,4515
1082,3758
354,4515
1811,4515
1032,4515
68,2418
2533,4515
3795,4515
2410,4515
224,4515
3187,4515
4183,4515
2314,4515
1237,368
2313,2990
2643,4515
2304,2770
1630,4515
4702,4515
809,3929
4479,4515
1699,4515
3735,4515
1111,4957
1666,4515
1989,4224
498,4515
1837,4711
2898,4515
2843,4515
575,4515
1220,4266
2207,4515
1084,4850
1837,4031
2803,4515
1334,4515
2247,4515
2008,4771
3169,4515
3219,4515
1766,5007
3723,4515
3038,4515
4167,4515
1910,5253
4105,4515
5,4515
30,4515
1281,4515
1678,2946
387,4515
3923,4627
254,4515
1214,4111
1540,4515
660,4515
3773,4515
2688,4515
1589,4515
1897,4515
1529,4035
1728,4291
2503,4515
1006,4515
3905,4515
1433,3845
1014,4515
2190,4092
1351,4515
1205,2904
733,4515
632,4515
3178,4515
2658,4515
1529,4850
2689,4515
3972,4515
1993,4525
762,4515
368,4515
3593,1555
1341,4515
2094,4515
935,196
1529,4092
926,4515
3779,4426
841,4515
2571,1558
1226,4515
649,4287
211,4515
1090,4515
2604,4515
2219,4515
936,4515
282,4515
1917,2313
3353,4515
563,4515
1609,72
1675,1749
225,4515
3815,4515
2071,3634
3287,4515
3674,4515
3050,4515
594,2911
583,2107
2634,4515
2182,4455
716,4515
2373,1176
4247,4515
1885,4515
402,4515
2944,4515
2993,4515
1977,3237
3040,4515
3326,4515
3442,4515
1738,4814
100,2448
2096,4515
1037,3803
241,4515
569,4515
1650,3914
2746,4515
1621,3656
37,4871
827,4515
1818,4515
1573,3541
3670,4515
686,2367
3220,4515
1771,4515
4740,4515
3356,4515
3567,4515
3051,4515
2005,3720
3810,346
199,4871
4206,4515
511,4515
533,4515
1765,4515
1176,4515
1525,4515
1481,4711
792,2369
1267,4515
2909,4515
3861,5334
3317,4515
409,1078
1544,4515
907,4515
1043,4515
582,4515
150,4515
1808,377
356,4515
702,4515
4297,4515
456,4515
1394,1870
2304,726
3527,4515
2691,4515
3378,4515
2652,4515
1701,5344
2365,4490
4155,4515
13,3929
581,4515
3566,5327
3529,4515
734,4515
3117,5302
3295,5099
1651,4386
4196,4515
4604,4515
390,4515
1692,4092
4078,4515
4615,4515
2194,4515
2878,4515
2295,4647
2237,2749
4037,4515
2015,4515
3822,4515
594,2912
36,4515
3461,4515
2125,4515
2810,4515
1763,4515
1535,4515
2060,4515
1549,4515
2779,4515
2420,3729
3082,4515
2297,4515
3595,2941
530,820
4285,4515
1643,4515
2028,4515
2249,4515
1253,4515
2945,4515
4080,1731
4365,4515
1208,726
766,2409
4248,4515
186,4515
791,1850
1638,4515
2042,2804
1269,4515
3941,4515
4012,4515
1165,4515
3930,4515
3681,4515
169,4515
4081,4515
4184,4515
2950,4515
2500,2770
1018,4043
1128,3797
4458,4515
1955,4515
2190,4850
3403,4515
585,1147
3398,4515
1899,3559
2824,4515
2495,4515
4356,4515
959,4856
1415,4515
1084,4515
1304,4515
1704,4515
1400,4031
3873,3163
2134,4515
1841,4515
2260,4515
142,4515
1345,1318
3804,2681
1994,4410
4609,4515
3452,2957
3998,4515
2889,4515
758,4515
100,1459
2590,4456
3686,4515
348,4515
2011,4515
1917,4515
3682,4515
1019,1845
4485,4515
2636,4515
28,4515
2477,4515
4,4515
1170,2545
3005,4515
1985,1007
4647,2019
2342,4585
1728,4515
1621,3976
3689,4515
2921,4515
2974,4515
2216,4515
4570,4515
1501,3547
1553,3389
2037,4515
1849,5317
3160,4737
383,3658
2370,4515
535,4515
1720,4515
1082,4796
1355,4515
3756,4515
4000,4515
1275,4515
1383,4515
3120,4515
582,433
3804,4515
4727,4515
1517,4515
2639,4515
4047,4515
2525,3914
4005,4515
2715,2951
3329,4515
3280,4515
1072,4515
337,4515
2420,1328
2450,4515
1114,4515
586,4515
2391,4515
148,4515
862,4515
4424,4515
3755,4515
3847,4515
1188,4515
4439,4515
551,4515
2593,4515
3149,4109
1672,4228
1872,2809
2962,4515
253,4515
1680,3565
1577,4515
3669,4515
932,1726
2273,4515
2167,3409
1852,4515
670,4515
1797,4515
1977,3237
4175,4515
4652,4515
1292,4515
3345,5189
594,2912
2095,4515
1835,4736
2670,4515
1815,4012
3275,4515
2807,4515
2348,4515
176,2417
626,1285
1961,4515
3560,4515
3074,4515
1249,4515
4013,4515
3297,4515
1593,1870
1547,4515
2020,4515
4110,4515
4181,4515
4481,4515
872,2793
4583,4293
1618,4122
1395,4515
2589,4515
1672,4694
2260,3656
2622,4515
2991,4515
734,1849
291,3425
2809,4515
710,4515
1110,4515
1960,4515
2591,4456
4140,4515
3535,4515
176,2417
1709,4515
1837,4515
2338,4515
3947,4515
3467,1336
3175,2175
328,4515
4412,4515
1699,4423
2828,4515
1263,4515
4660,4515
2690,4515
2285,172
3179,4515
1638,4288
2502,3528
1190,4515
3072,4515
1177,5123
488,4515
1689,4077
1097,4906
2586,4515
1745,4515
3686,4312
1983,1271
4626,4515
2701,4515
2255,4515
877,2731
444,4515
3523,2241
1333,4515
559,4515
1285,4515
4372,4515
590,4515
784,4515
3098,1549
2489,4515
570,4515
1769,3580
3518,4515
4263,4515
461,4343
2384,4515
1533,4515
2736,4515
4004,4515
3943,4515
2724,4515
2125,1841
2870,4515
1082,3597
705,4182
1277,4515
1318,4515
1244,4515
857,4515
1147,4515
3700,4515
644,4515
605,4515
3142,4515
75,4515
1891,4515
855,4515
4305,4515
3961,4515
1768,4515
4516,4515
1162,4515
4714,4515
1495,4515
2942,1934
1065,4515
1738,4515
2751,4515
674,4520
1647,4515
3853,2672
157,113
1546,4515
1146,4515
2427,4515
1947,1878
3216,4515
1457,4515
1106,5368
2043,2255
300,4515
1249,5072
2664,4957
461,4515
2260,4031
1790,4521
3472,4515
4089,4515
4444,4515
754,4515
1846,4515
3335,4515
4421,4515
2204,4515
766,2428
2177,4206
3932,5445
1937,4515
2842,4515
1170,2551
1689,4077
2468,4515
219,4515
1778,444
2541,4515
3974,4515
1540,5063
4484,4515
2016,4515
3339,4515
3690,4515
3228,4515
910,2157
2314,3409
1771,3634
2360,4515
681,4515
1216,4515
297,4515
226,4515
1219,4515
1929,860
3076,4515
3501,4515
1626,4515
1154,4515
1848,4515
3494,4515
2593,3883
2929,4515
2051,4092
3628,4515
4117,4515
112,4515
2569,4515
298,4515
1410,4515
1814,4438
1539,4515
2279,4515
3124,4515
1806,4515
3749,4515
1923,4515
1085,4515
1474,1567
4280,4515
1793,915
2365,4646
262,4286
1883,4515
3759,4515
4616,4515
842,4515
2857,4515
235,4515
3603,4515
1916,4515
2553,4515
3502,4515
1609,2147
3351,4515
2894,4515
1474,146
2693,4515
1154,1004
783,5034
1879,4515
3921,1286
4405,4515
1251,4515
4473,4515
1672,4515
3843,4515
3699,4515
1938,1157
2456,4515
425,4515
4028,269
4122,4515
3532,4515
4664,4515
4548,4515
1348,4515
2225,4515
3963,4515
765,4515
1874,2996
1206,4515
1216,3883
2463,2904
3583,4515
723,4515
983,5297
4518,4515
3238,4515
3671,4853
1769,4102
351,4515
198,4515
798,4515
94,2773
34,4515
359,5087
3734,4515
3783,4515
2839,4515
1725,3865
3191,4515
888,4515
3269,4515
213,3471
995,5205
851,4871
392,4515
2160,4515
3894,4515
1476,4515
2260,3557
232,4515
2103,4515
4497,4515
3389,4515
1672,31
1443,4515
2157,3517
1012,4515
1748,4515
1394,1200
3044,4515
3885,4515
2869,4515
3609,4515
4278,4515
848,4515
1519,3557
1678,4163
1865,4515
2507,4184
3907,4515
3240,4515
1895,4515
3506,4515
1354,3820
1214,4092
184,4515
382,3840
921,5073
1427,4515
3903,1779
2905,4515
1518,4515
1621,3557
3582,4515
664,4515
2187,4515
1837,4587
2365,4164
4010,4515
1837,4406
3856,4515
3426,4515
4160,4515
4465,4515
2237,4515
4355,4515
428,3072
1250,4515
3880,1327
2884,5162
2141,4515
3115,4515
4730,4515
3509,4515
1214,4850
1833,4515
4705,4515
4690,4515
3380,4515
4050,1462
4739,4515
2505,4515
2914,4871
1291,4515
2592,4647
3553,4515
929,4515
3067,4515
2045,4515
1496,4515
4158,4515
1519,4423
931,4092
143,4515
152,4515
1007,4515
3778,4515
3223,4515
353,4515
3573,455
2932,3003
3929,4515
1984,4515
1683,5047
3037,4515
2325,4515
1082,4954
4186,4515
1279,4330
1903,3290
207,2459
1854,4515
1710,3526
1175,4515
4477,4515
2019,4515
2367,4515
1648,4515
2484,4515
279,4515
1233,3548
2052,2676
1027,658
2070,4515
2820,4515
4321,4515
2057,605
3388,1819
1553,1007
2920,4515
1832,3312
2615,4515
1400,3516
685,495
2089,4515
4103,4515
929,3537
2286,4600
2021,4515
1434,2013
2726,4515
1618,4515
807,4515
47,4515
3605,1700
3412,2086
573,4515
3841,4515
2205,3788
3136,4515
830,4515
4381,4515
1103,3557
750,4515
1817,4515
2225,1004
1881,4515
1985,1708
18,4515
2512,4515
3045,4515
1741,2238
662,4515
1987,4515
3649,4515
2596,4515
4503,4515
4168,4515
1725,4111
4724,4700
1558,3729
96,4515
1313,5360
1641,4515
11,4515
2806,4515
683,4515
1496,3861
2603,4515
3184,4515
790,4515
2253,4376
3088,4515
3123,4515
4108,4515
352,598
335,4515
116,4515
1628,4515
894,2667
2007,4383
1506,4515
3108,4515
2341,2540
4159,4515
2093,4515
1980,4515
1111,4854
1917,167
4532,4515
2261,4515
1529,4111
517,4515
1325,4515
1454,4515
1170,2544
3986,4515
714,4515
1708,4774
241,1738
1746,4515
2775,4515
2798,4515
1781,4515
2005,3720
1725,4417
1017,4360
1954,4515
2787,4515
279,3079
1214,3845
2051,4642
2163,515
1468,4515
4144,4515
189,4515
1904,4515
1448,4515
1419,4685
926,3804
1109,4515
229,5168
3924,3026
910,17
2227,1946
1761,5286
3923,4628
931,4515
3195,4515
1092,4515
4134,4515
1140,4515
1179,4515
1620,4515
3573,4515
2323,4954
2694,4515
445,4515
1270,4515
3450,4515
1851,4515
2546,4667
2145,3057
1623,4515
1170,2549
3421,4515
878,4515
1357,4515
2785,4515
991,4515
2665,4515
3364,4515
4046,3065
2571,4515
2188,4515
2985,4515
1672,76
89,4515
1023,4515
1966,4515
805,4515
1899,3559
47,3910
2041,4515
2926,4515
2972,4515
181,4515
1273,4515
3194,4515
567,4515
1850,3434
1653,4515
873,4245
2035,804
1004,4730
1034,4903
1905,4515
2238,3897
2939,703
768,3851
212,4515
515,4515
4307,4515
3182,4515
2008,4515
2036,4515
3383,4515
4423,4515
1277,3845
2294,874
2009,4515
2629,4515
167,3581
385,2518
3542,4515
4079,4515
1007,1260
4373,4515
345,4515
3025,4515
1394,4515
3113,471
3041,4515
3825,4515
3086,4515
732,4515
437,4515
2505,13
2737,4515
1328,154
1725,4515
2203,4515
1295,4515
1835,3959
828,4515
4506,4515
3311,4515
4148,557
1837,4674
1511,754
3584,4515
162,4515
2339,4515
428,4515
2455,4515
3891,4515
4130,4515
1038,4515
3252,4515
3918,4515
1496,4669
1610,617
1038,4678
4580,4515
1876,2604
2904,4515
4190,4515
706,4515
918,4515
1843,4515
4272,4515
173,4515
1682,4974
1283,4515
3913,4515
3876,4515
1837,3516
2181,4515
296,2183
4607,4515
4060,4515
1766,4515
3359,4515
1686,4515
2040,2038
1433,4111
2063,4515
3743,4515
4466,4515
2232,4776
4187,4515
2058,4515
483,4515
1816,1823
2893,4515
1129,4515
24,4515
3028,4515
1612,4515
3049,4515
3512,4515
3959,34
2382,4515
2283,4515
1466,4515
2610,4515
1542,4515
1588,4515
1560,4386
3679,4515
3534,4515
744,4515
1059,4515
3243,4515
2365,4850
1434,1606
825,4515
851,857
1400,4674
720,3674
2567,5280
1522,4515
968,4515
1096,4515
50,4515
742,4515
949,4515
650,4515
1375,4515
2585,4515
503,4515
2791,4515
452,4515
2233,4515
1331,4515
2545,4515
2173,4518
3713,4515
2585,2351
3945,4515
1669,4515
1365,1730
1380,4515
2922,1894
3523,4323
201,4515
4211,4515
3683,4515
3173,4515
3883,4515
1573,4383
1345,1004
3898,4515
2611,4515
1624,4515
2792,4515
1360,4515
1900,5268
2863,4515
2168,4515
1329,4515
3619,1412
2949,4515
94,2772
3564,4515
4569,4515
2931,4515
4048,4515
4407,4515
2431,4515
100,1882
1839,4515
1743,4757
4340,4515
1531,4515
4032,2974
3902,4515
2304,1359
2834,4515
1023,591
2943,4515
2242,4515
1486,4515
3979,4515
1286,4515
1785,2704
1761,4515
3617,5417
3598,1355
2288,5247
1377,4515
100,4515
1813,4515
896,4515
4711,4515
1109,3803
1516,4515
1637,4515
772,4515
3342,4515
389,4515
3916,4515
3363,4515
2940,4515
2237,5394
1438,4515
3953,4515
1845,4851
4495,4515
4222,4515
3204,4515
2425,1049
4044,4515
3492,4515
2301,4515
4411,4515
2006,4515
2514,4515
322,4515
3684,4871
993,3352
3408,4515
2075,4515
391,4515
1067,4515
3605,4515
1400,4515
3414,4515
2868,1899
2705,4515
1193,4515
3948,2865
100,2876
3372,4515
2656,4515
1161,4959
2797,4515
1031,4515
4245,4515
2290,445
924,4515
1702,985
637,4515
2506,4515
3944,701
2304,2013
3438,4515
1734,4515
1481,4515
2757,4515
317,4515
2304,3444
2986,4515
4082,4515
1077,4515
2499,4515
956,4515
3848,4515
4605,2190
3292,4515
1863,4029
3184,5186
3231,4515
2328,3228
399,4515
1699,4600
2919,5412
277,4515
959,3898
303,4515
4394,4515
4166,4515
1812,2662
3103,4515
4633,4515
800,4515
499,4515
42,4515
2278,4515
3642,4515
1991,4515
3651,4515
3887,4515
4273,4515
2630,2523
4043,4515
723,3506
3334,4515
3306,4515
692,4515
1004,4515
3865,4515
1434,3312
1170,2547
364,4515
4302,4515
536,4515
3065,2179
4359,4515
2544,4515
2035,4515
2304,1606
1316,2589
3236,4515
935,4850
3446,3986
3544,4515
1226,3557
1825,4515
1277,3865
2084,4455
1861,4515
3097,4515
2309,4515
2390,4515
2784,3672
3714,4515
3549,4515
2704,4515
2350,4515
4571,4515
757,885
599,4515
868,1048
2841,4515
3350,4515
269,4515
2865,5304
286,4515
2075,1182
3002,4515
4282,4515
231,4515
761,397
3980,4515
4597,4515
898,4515
3232,2657
3218,4515
3283,4515
424,1254
4650,4515
3880,4515
1808,4515
3036,4515
405,4515
935,4092
815,4515
3869,4515
2051,4643
3971,4381
1379,4515
1600,3883
3779,4235
1406,3408
1707,4515
3525,4515
3445,4515
2741,4515
4443,4515
1853,4515
1728,4445
1487,4515
2633,4515
1208,1606
2733,4515
3720,4515
510,4515
3145,4515
4745,4515
519,4515
400,5202
1141,4911
1391,4515
1393,4515
1893,4515
4688,4515
494,4515
3282,4515
1476,4406
1104,4515
603,4515
251,970
4260,4515
3836,4515
3546,4515
2142,4515
2184,4515
330,5338
4053,4515
677,4515
2155,4515
3590,4515
3294,4515
1404,4515
297,2775
1967,4515
2061,3934
4720,4515
3125,4515
344,4515
2500,4515
1857,4515
1537,4515
3436,4515
1513,4515
1053,3084
1173,2593
1354,3516
3462,4515
3544,3902
1573,3820
1080,3622
2546,4423
1168,4515
416,4515
3533,4515
3079,1531
3134,4515
2914,4515
964,4515
2576,4515
3068,599
3812,4515
3970,4515
1195,4515
2637,4515
318,4515
3923,4627
2550,4515
3029,5308
782,4515
1222,4277
2706,4515
2026,4515
2440,4515
1907,5283
2269,5403
3908,4515
3094,4515
1354,3557
1249,2338
3779,1586
336,4515
1338,4515
2906,278
1038,4680
2602,4515
117,4515
3429,4515
987,4515
1873,4515
3416,4515
2140,4480
562,4606
4743,4515
1311,4515
1990,4048
4326,4515
441,3650
4668,4515
2337,4415
1780,4985
3284,4515
3063,4515
152,198
226,3903
3514,4515
2774,4383
262,4515
1877,4515
1227,4515
1105,4515
1894,4515
2345,4515
2169,4515
1576,4515
562,4593
4301,4515
1994,4515
3902,2833
2471,2904
1573,3656
995,1059
4346,4515
3060,4515
2859,4515
2774,2904
2420,3932
3141,918
3460,4515
1496,3884
3105,4515
565,4515
3291,4515
1798,4515
1939,1572
3581,4515
3928,4515
963,4515
2720,4515
1214,4035
1155,4515
4614,4515
1585,4515
4121,4515
2567,4515
740,1445
2070,4470
4526,4515
4504,4515
1742,659
4194,4515
2441,4515
953,4515
550,2375
1740,4515
2592,4515
1653,1870
1309,4515
3004,5417
291,3286
1942,4493
3591,4515
3047,4515
1152,4515
4204,4515
3392,4515
3303,4515
3301,4515
433,4515
1511,4515
213,4515
1008,4953
2500,726
3465,4515
3817,1338
4354,4515
4736,4515
1651,4515
1859,4515
2928,4515
1971,4515
3878,2912
4329,4515
1307,5023
1858,1027
2481,4515
3748,4515
4493,4515
1397,4515
2782,4515
3621,4515
1235,4515
1945,4515
4679,4515
1600,3622
2324,2702
2371,4815
2483,4515
3258,4515
398,4515
4249,4515
384,4057
1575,4515
1699,4667
1958,4515
1783,4515
1400,4383
1977,3352
283,4515
4238,4515
1493,1164
2354,4515
2862,4515
3475,4515
1187,4515
1563,4515
1866,4515
325,4871
1077,1000
2130,4515
1375,2840
2764,4515
3207,4515
3262,4515
3950,4515
1403,596
2970,4515
4276,4515
1148,3541
1027,4515
3664,4515
2554,34
1733,4037
1725,4092
1456,4515
1912,4867
1207,5087
1311,4031
1574,4515
1952,4789
1037,4467
858,4515
4300,4515
801,4515
3920,4515
921,5073
1725,4850
4115,4515
3917,4515
1034,3884
2714,4515
2343,4515
4470,4515
3771,2279
2285,4515
2337,1015
4338,4515
1176,4708
1608,4515
1704,1194
1028,4854
1605,2094
2387,4515
2414,4515
3221,4515
1832,1606
2673,4515
2423,4515
3556,4515
2042,4515
2137,3521
3729,4515
1394,130
3323,4515
1529,4515
3021,4515
549,4515
239,3214
1088,4515
149,4515
3809,4515
2397,4515
2766,4515
2104,4515
1964,4515
30,3704
1733,4515
2331,4515
1622,4515
4505,4515
1163,4515
547,4515
995,4515
2371,4515
2463,4079
4670,4515
2117,4515
1902,2610
1268,4515
3234,4515
1375,4047
2753,4515
3161,4515
2438,4515
1349,4515
1065,1095
1445,4515
2299,4515
3587,573
1593,2147
1114,2721
829,4515
2918,2206
2925,4515
1354,3541
2722,4515
3479,3032
1223,4515
2308,4515
3473,4515
3071,4515
2500,2013
4077,4515
2167,4515
1710,3525
2112,5419
1736,4515
3886,4515
3728,4515
3354,4515
4658,4515
1127,4515
2413,4515
1934,4515
602,4515
3914,4515
4618,4515
2865,4515
3570,4515
1433,4092
1973,1553
1730,4515
1716,589
2118,3499
3931,4515
2248,1705
3781,4515
2717,4515
2236,4515
4698,4515
191,4515
2631,4515
4154,4255
2808,5058
2139,4515
2939,4515
1609,5072
1802,145
3632,2203
1277,4646
3176,4515
3374,4515
289,4070
2035,4724
1345,1059
2961,4515
2980,4515
2284,5437
2291,4515
4686,4515
662,1048
1434,1359
1306,4515
2861,4515
1609,4515
652,935
2044,2220
3571,4371
3487,4515
2887,4515
2145,4428
4243,4515
504,4515
1547,2943
1753,4515
4262,4515
1950,4515
3419,4515
504,2692
846,4201
2537,3536
1082,4714
95,4515
362,613
2821,4515
367,4515
1838,4515
2302,4515
3100,4515
2903,341
1802,4515
1488,4515
2359,4515
2833,4515
3836,3914
2749,4515
73,4515
1036,4515
923,4515
1183,4515
1792,1059
3625,4515
2074,4515
4680,4515
2205,4590
1080,3883
4525,4515
1466,969
3470,4515
1417,4515
54,4515
3779,4088
1328,4515
1732,4515
4551,4515
4709,4515
1497,4515
2588,4515
2556,4515
2605,1439
3362,4515
1522,4132
2323,4714
3078,4515
1374,4515
2556,895
2264,4515
3002,548
4605,4515
1113,4515
2334,4515
615,4515
1993,4515
1610,4515
961,4515
1028,4515
1942,4515
2025,4515
1970,4515
3130,4515
383,4515
454,4515
4564,4515
3132,4515
3443,4515
4299,4515
2917,2175
3490,4515
2051,4642
448,4515
1689,3815
785,4515
326,4515
3344,4515
1252,4157
1807,4515
1725,4646
1938,4515
4546,4515
791,4515
2238,3897
1354,4031
4070,3047
1668,4798
204,4515
2854,4515
1037,4467
3925,4515
721,5342
3854,4184
156,4515
814,4515
21,3481
1573,3516
502,5464
1484,4515
100,2140
3842,4515
2038,4515
436,4515
406,4515
466,4515
167,5172
2042,2804
76,4515
3255,4515
1995,4515
1191,4515
369,4515
3428,4515
1770,4515
577,4515
1614,1059
1303,4515
1774,719
2223,4515
1208,1359
4337,4515
685,495
2679,4515
1214,4515
4109,4515
4562,4515
2437,4515
386,4515
2439,4515
2927,4515
51,4515
4647,2971
3665,5341
491,4515
4053,5409
944,4515
3779,3924
4446,4515
1158,4515
291,913
4499,4515
854,4515
205,3371
1937,3732
2015,2621
1375,4047
780,4515
2977,4515
1831,4515
2422,4515
979,1201
3866,4515
2769,4515
4097,4515
3995,4515
4558,4515
3503,4515
1478,4515
4402,4515
2323,4796
3569,4515
4255,4515
872,4515
159,4515
1688,4515
2067,4515
